id,name,email,password,profile
1,Kearney Abrahamsohn,kabrahamsohn0@4shared.com,hogehoge,My name is Kearney Abrahamsohn. Nice to meet you))
2,Renate Hutson,rhutson1@buzzfeed.com,hogehoge,My name is Renate Hutson. Nice to meet you))
3,Saba Fullylove,sfullylove2@jimdo.com,hogehoge,My name is Saba Fullylove. Nice to meet you))
4,Reagan Callender,rcallender3@free.fr,hogehoge,My name is Reagan Callender. Nice to meet you))
5,Erminie Cruce,ecruce4@sina.com.cn,hogehoge,My name is Erminie Cruce. Nice to meet you))
6,Merrel Stanborough,mstanborough5@thetimes.co.uk,hogehoge,My name is Merrel Stanborough. Nice to meet you))
7,Erinna MacKnocker,emacknocker6@yellowpages.com,hogehoge,My name is Erinna MacKnocker. Nice to meet you))
8,Cornelia Skeffington,cskeffington7@state.gov,hogehoge,My name is Cornelia Skeffington. Nice to meet you))
9,Rodrigo Wortt,rwortt8@nymag.com,hogehoge,My name is Rodrigo Wortt. Nice to meet you))
10,Lyssa Audsley,laudsley9@jalbum.net,hogehoge,My name is Lyssa Audsley. Nice to meet you))
11,Farrell MacChaell,fmacchaella@aboutads.info,hogehoge,My name is Farrell MacChaell. Nice to meet you))
12,Courtenay Bartolini,cbartolinib@arizona.edu,hogehoge,My name is Courtenay Bartolini. Nice to meet you))
13,Lesya Medley,lmedleyc@seesaa.net,hogehoge,My name is Lesya Medley. Nice to meet you))
14,Kristina Jeffery,kjefferyd@purevolume.com,hogehoge,My name is Kristina Jeffery. Nice to meet you))
15,Shea Merrick,smerricke@cam.ac.uk,hogehoge,My name is Shea Merrick. Nice to meet you))
16,Jewell Hallihan,jhallihanf@youku.com,hogehoge,My name is Jewell Hallihan. Nice to meet you))
17,Stanford Frayn,sfrayng@mapquest.com,hogehoge,My name is Stanford Frayn. Nice to meet you))
18,Valerie Bryett,vbryetth@free.fr,hogehoge,My name is Valerie Bryett. Nice to meet you))
19,Nikki Emig,nemigi@surveymonkey.com,hogehoge,My name is Nikki Emig. Nice to meet you))
20,Emili Covey,ecoveyj@example.com,hogehoge,My name is Emili Covey. Nice to meet you))
21,Martelle Houlridge,mhoulridgek@merriam-webster.com,hogehoge,My name is Martelle Houlridge. Nice to meet you))
22,Boonie Doorly,bdoorlyl@posterous.com,hogehoge,My name is Boonie Doorly. Nice to meet you))
23,Saw Tussaine,stussainem@pinterest.com,hogehoge,My name is Saw Tussaine. Nice to meet you))
24,Darlene Ebbings,debbingsn@youtube.com,hogehoge,My name is Darlene Ebbings. Nice to meet you))
25,Moe Ipgrave,mipgraveo@multiply.com,hogehoge,My name is Moe Ipgrave. Nice to meet you))
26,Jewelle Coddington,jcoddingtonp@elegantthemes.com,hogehoge,My name is Jewelle Coddington. Nice to meet you))
27,Delly Brisker,dbriskerq@sohu.com,hogehoge,My name is Delly Brisker. Nice to meet you))
28,Johnny Bodocs,jbodocsr@google.co.jp,hogehoge,My name is Johnny Bodocs. Nice to meet you))
29,Kendal Stoop,kstoops@bravesites.com,hogehoge,My name is Kendal Stoop. Nice to meet you))
30,Kipp Byllam,kbyllamt@cornell.edu,hogehoge,My name is Kipp Byllam. Nice to meet you))
31,Ly Cousen,lcousenu@ihg.com,hogehoge,My name is Ly Cousen. Nice to meet you))
32,Delcine Geharke,dgeharkev@independent.co.uk,hogehoge,My name is Delcine Geharke. Nice to meet you))
33,Antons Jans,ajansw@theglobeandmail.com,hogehoge,My name is Antons Jans. Nice to meet you))
34,Pier Wasielewicz,pwasielewiczx@fda.gov,hogehoge,My name is Pier Wasielewicz. Nice to meet you))
35,Angele Huzzey,ahuzzeyy@mlb.com,hogehoge,My name is Angele Huzzey. Nice to meet you))
36,Rhianna Crocket,rcrocketz@guardian.co.uk,hogehoge,My name is Rhianna Crocket. Nice to meet you))
37,Austin Eteen,aeteen10@soup.io,hogehoge,My name is Austin Eteen. Nice to meet you))
38,Olivia Wims,owims11@economist.com,hogehoge,My name is Olivia Wims. Nice to meet you))
39,Hermine Allone,hallone12@time.com,hogehoge,My name is Hermine Allone. Nice to meet you))
40,Conni Heaney,cheaney13@sohu.com,hogehoge,My name is Conni Heaney. Nice to meet you))
41,Alix Hebden,ahebden14@purevolume.com,hogehoge,My name is Alix Hebden. Nice to meet you))
42,Ingelbert Gorman,igorman15@ask.com,hogehoge,My name is Ingelbert Gorman. Nice to meet you))
43,Westbrooke Debold,wdebold16@cbc.ca,hogehoge,My name is Westbrooke Debold. Nice to meet you))
44,Elaine Rizzelli,erizzelli17@disqus.com,hogehoge,My name is Elaine Rizzelli. Nice to meet you))
45,Johnnie Tranfield,jtranfield18@xinhuanet.com,hogehoge,My name is Johnnie Tranfield. Nice to meet you))
46,Stanford Diddams,sdiddams19@ow.ly,hogehoge,My name is Stanford Diddams. Nice to meet you))
47,Holly Fidele,hfidele1a@wisc.edu,hogehoge,My name is Holly Fidele. Nice to meet you))
48,Mair Glasscoo,mglasscoo1b@cloudflare.com,hogehoge,My name is Mair Glasscoo. Nice to meet you))
49,Briney Heinzler,bheinzler1c@sciencedaily.com,hogehoge,My name is Briney Heinzler. Nice to meet you))
50,Reagen McSporrin,rmcsporrin1d@weebly.com,hogehoge,My name is Reagen McSporrin. Nice to meet you))
51,Berny Cabel,bcabel1e@vk.com,hogehoge,My name is Berny Cabel. Nice to meet you))
52,Hewitt Argrave,hargrave1f@woothemes.com,hogehoge,My name is Hewitt Argrave. Nice to meet you))
53,Odey Edlyn,oedlyn1g@slate.com,hogehoge,My name is Odey Edlyn. Nice to meet you))
54,Daryl Wetherell,dwetherell1h@engadget.com,hogehoge,My name is Daryl Wetherell. Nice to meet you))
55,Brianne Tour,btour1i@infoseek.co.jp,hogehoge,My name is Brianne Tour. Nice to meet you))
56,Darnall Wogan,dwogan1j@netlog.com,hogehoge,My name is Darnall Wogan. Nice to meet you))
57,Burtie Pudan,bpudan1k@virginia.edu,hogehoge,My name is Burtie Pudan. Nice to meet you))
58,Ellwood Tuftin,etuftin1l@csmonitor.com,hogehoge,My name is Ellwood Tuftin. Nice to meet you))
59,Quintilla Consadine,qconsadine1m@jugem.jp,hogehoge,My name is Quintilla Consadine. Nice to meet you))
60,Timmi Charrett,tcharrett1n@zimbio.com,hogehoge,My name is Timmi Charrett. Nice to meet you))
61,Gussy Springtorpe,gspringtorpe1o@google.com.au,hogehoge,My name is Gussy Springtorpe. Nice to meet you))
62,Merlina Cripps,mcripps1p@xinhuanet.com,hogehoge,My name is Merlina Cripps. Nice to meet you))
63,Holmes Barkess,hbarkess1q@godaddy.com,hogehoge,My name is Holmes Barkess. Nice to meet you))
64,Ned Burger,nburger1r@zdnet.com,hogehoge,My name is Ned Burger. Nice to meet you))
65,Celka Dodshon,cdodshon1s@hc360.com,hogehoge,My name is Celka Dodshon. Nice to meet you))
66,Janet Stanyer,jstanyer1t@xrea.com,hogehoge,My name is Janet Stanyer. Nice to meet you))
67,Matthus Kears,mkears1u@skype.com,hogehoge,My name is Matthus Kears. Nice to meet you))
68,Dusty Crippes,dcrippes1v@yellowbook.com,hogehoge,My name is Dusty Crippes. Nice to meet you))
69,Ricki Sparway,rsparway1w@constantcontact.com,hogehoge,My name is Ricki Sparway. Nice to meet you))
70,Bondon Grinishin,bgrinishin1x@aboutads.info,hogehoge,My name is Bondon Grinishin. Nice to meet you))
71,Laurella Folkes,lfolkes1y@studiopress.com,hogehoge,My name is Laurella Folkes. Nice to meet you))
72,Ailey Deas,adeas1z@huffingtonpost.com,hogehoge,My name is Ailey Deas. Nice to meet you))
73,Saul Thiese,sthiese20@craigslist.org,hogehoge,My name is Saul Thiese. Nice to meet you))
74,Karyl Bernardotte,kbernardotte21@irs.gov,hogehoge,My name is Karyl Bernardotte. Nice to meet you))
75,Farrand Glasper,fglasper22@jiathis.com,hogehoge,My name is Farrand Glasper. Nice to meet you))
76,Ricky Flanigan,rflanigan23@last.fm,hogehoge,My name is Ricky Flanigan. Nice to meet you))
77,Katrinka Sabey,ksabey24@jigsy.com,hogehoge,My name is Katrinka Sabey. Nice to meet you))
78,Paten Neely,pneely25@odnoklassniki.ru,hogehoge,My name is Paten Neely. Nice to meet you))
79,Deloris Harvison,dharvison26@opera.com,hogehoge,My name is Deloris Harvison. Nice to meet you))
80,Hendrika Karlicek,hkarlicek27@eventbrite.com,hogehoge,My name is Hendrika Karlicek. Nice to meet you))
81,Yvette Umbert,yumbert28@w3.org,hogehoge,My name is Yvette Umbert. Nice to meet you))
82,Ashlie Hallmark,ahallmark29@mit.edu,hogehoge,My name is Ashlie Hallmark. Nice to meet you))
83,Isak Rosendorf,irosendorf2a@angelfire.com,hogehoge,My name is Isak Rosendorf. Nice to meet you))
84,Lynne Currey,lcurrey2b@xinhuanet.com,hogehoge,My name is Lynne Currey. Nice to meet you))
85,Gan Feldstein,gfeldstein2c@jimdo.com,hogehoge,My name is Gan Feldstein. Nice to meet you))
86,Jere Leftwich,jleftwich2d@webmd.com,hogehoge,My name is Jere Leftwich. Nice to meet you))
87,Hedvige Pellew,hpellew2e@tmall.com,hogehoge,My name is Hedvige Pellew. Nice to meet you))
88,Carin Dalziel,cdalziel2f@gov.uk,hogehoge,My name is Carin Dalziel. Nice to meet you))
89,Aprilette Withur,awithur2g@ameblo.jp,hogehoge,My name is Aprilette Withur. Nice to meet you))
90,Genna Fuidge,gfuidge2h@about.me,hogehoge,My name is Genna Fuidge. Nice to meet you))
91,Abie Rea,area2i@ebay.co.uk,hogehoge,My name is Abie Rea. Nice to meet you))
92,Devina Melmar,dmelmar2j@dell.com,hogehoge,My name is Devina Melmar. Nice to meet you))
93,Umeko Bram,ubram2k@utexas.edu,hogehoge,My name is Umeko Bram. Nice to meet you))
94,Roseann Girvin,rgirvin2l@amazon.co.jp,hogehoge,My name is Roseann Girvin. Nice to meet you))
95,Cesaro Jenkyn,cjenkyn2m@facebook.com,hogehoge,My name is Cesaro Jenkyn. Nice to meet you))
96,Carlynne Rivitt,crivitt2n@theatlantic.com,hogehoge,My name is Carlynne Rivitt. Nice to meet you))
97,Brittni Philippard,bphilippard2o@accuweather.com,hogehoge,My name is Brittni Philippard. Nice to meet you))
98,Anny McCurdy,amccurdy2p@scientificamerican.com,hogehoge,My name is Anny McCurdy. Nice to meet you))
99,Norina Luckie,nluckie2q@narod.ru,hogehoge,My name is Norina Luckie. Nice to meet you))
100,Gale Lamburn,glamburn2r@ovh.net,hogehoge,My name is Gale Lamburn. Nice to meet you))
